ELB,Instances,Account,Region
els-jenkins,learningObjects-prod,us-east-1,i-063bfd7725a9e4ff4
els-jenkins,learningObjects-prod,us-east-1,i-063bfd7725a9e4ff4
els-jenkins,learningObjects-prod,us-east-1,i-0d171dd8d05b76517
els-jenkins,learningObjects-prod,us-east-1,i-0787e8e6c04d97a2c
eaq-beta-005-bluegreen-alb,learningObjects-prod,us-east-1,i-08eb35fd317d7ec4e
eaq-beta-005-bluegreen-alb,learningObjects-prod,us-east-1,i-08eb35fd317d7ec4e
eaq-beta-005-bluegreen-alb,learningObjects-prod,us-east-1,i-08eb35fd317d7ec4e
eaq-beta-005-bluegreen-alb,learningObjects-prod,us-east-1,i-0880ea130c5ee0ee1
evolve-prod-026-bluegreen-alb,learningObjects-prod,us-east-1,i-086690c51eb2f02ad
evolve-prod-026-bluegreen-alb,learningObjects-prod,us-east-1,"i-01b7f014d7b777f0a, i-02d58166215db3564, i-0303afb0c0fc4432a, i-04ba9d109002d2cc1, i-09eedd624601b1802, i-01ffe7773dab566a7, i-0c491f8cc83863428, i-086690c51eb2f02ad, i-0c6201a964bc57fc0, i-044b8622970fe5dcd, i-039d887a48950a490"
evolve-prod-026-bluegreen-alb,learningObjects-prod,us-east-1,"i-01b7f014d7b777f0a, i-02d58166215db3564, i-0303afb0c0fc4432a, i-04ba9d109002d2cc1, i-09eedd624601b1802, i-01ffe7773dab566a7, i-0c491f8cc83863428, i-0c6201a964bc57fc0, i-044b8622970fe5dcd, i-039d887a48950a490"
evolve-prod-026-bluegreen-alb,learningObjects-prod,us-east-1,"i-0a79eb3173a7fe367, i-0cd83d0d42390e15b, i-0b257ed12ca70ba55, i-04db8f0473c142655, i-05fc0544acd26124f, i-000fd2461384f4cb6, i-0cfa3cda6e7236019, i-0b419473f4a283ceb, i-0d82a3c3ab906d079"
eaq-prod-012-bluegreen-alb,learningObjects-prod,us-east-1,i-006727afeef85b0d1
eaq-prod-012-bluegreen-alb,learningObjects-prod,us-east-1,"i-006727afeef85b0d1, i-0827d0de832f91337, i-01e41137969ef5ba2"
eaq-prod-012-bluegreen-alb,learningObjects-prod,us-east-1,"i-0827d0de832f91337, i-01e41137969ef5ba2"
eaq-prod-012-bluegreen-alb,learningObjects-prod,us-east-1,"i-070ede35a6535d921, i-077afe92b6d6672d4, i-040459db48695e662"
evolve-test-008-bluegreen-alb,learningObjects-prod,us-east-1,i-0bc3b9173b8230e7e
evolve-test-008-bluegreen-alb,learningObjects-prod,us-east-1,"i-0530c6c07b321e8d3, i-08d87a74b97b52b7a, i-0f10c36facc2b51ed"
evolve-test-008-bluegreen-alb,learningObjects-prod,us-east-1,"i-001ca3cf4b8b3f622, i-0c2d7d5c21a8288f8"
evolve-test-008-bluegreen-alb,learningObjects-prod,us-east-1,"i-0bc3b9173b8230e7e, i-001ca3cf4b8b3f622, i-0c2d7d5c21a8288f8"
eaq-daily-004-bluegreen-alb,learningObjects-prod,us-east-1,i-0622b8895c38b29d8
eaq-daily-004-bluegreen-alb,learningObjects-prod,us-east-1,i-09015edd77793e305
eaq-daily-004-bluegreen-alb,learningObjects-prod,us-east-1,i-0622b8895c38b29d8
eaq-daily-004-bluegreen-alb,learningObjects-prod,us-east-1,i-0622b8895c38b29d8
evolve-dev-005-bluegreen-alb,learningObjects-prod,us-east-1,i-0b8845811682f4622
evolve-dev-005-bluegreen-alb,learningObjects-prod,us-east-1,i-0574d7f59462fc30b
evolve-dev-005-bluegreen-alb,learningObjects-prod,us-east-1,i-0b8845811682f4622
evolve-dev-005-bluegreen-alb,learningObjects-prod,us-east-1,i-0b8845811682f4622
eaq-test-005-bluegreen-alb,learningObjects-prod,us-east-1,i-0872e0ee14b4a732a
eaq-test-005-bluegreen-alb,learningObjects-prod,us-east-1,i-073392aaade549efe
eaq-test-005-bluegreen-alb,learningObjects-prod,us-east-1,i-0872e0ee14b4a732a
eaq-test-005-bluegreen-alb,learningObjects-prod,us-east-1,i-0872e0ee14b4a732a
evolve-jnkns-slnm-c9e91bd8-slnm,evolve-dev,us-east-2,i-058182636fb4dab46
evolve-jnkns-slnm-c9e91bd8-slnm,evolve-dev,us-east-2,i-058182636fb4dab46
evolve-jnkns-slnm-c9e91bd8-ssh,evolve-dev,us-east-2,i-058182636fb4dab46
evolve-jnkns-slnm-c9e91bd8-alb,evolve-dev,us-east-2,i-058182636fb4dab46
evolve-jnkns-slnm-c9e91bd8-salb,evolve-dev,us-east-2,i-058182636fb4dab46
stage-acm-alb-jddh-szw,evolve-prod,us-east-1,"i-0fe685699000f70b3, i-0850533c12212697f"
stage-solr-alb-ytnl-reb,evolve-prod,us-east-1,"i-0b65debf224a10104, i-08bcf066c1c44ac40"
stage-utils-alb-mxxp-fnq,evolve-prod,us-east-1,i-0c0d8c8f4fd6f3235
stage-webapps-alb-gkzt-akw,evolve-prod,us-east-1,"i-0df0c4c7a7722ee29, i-0fd2a059f8250a75a"
prod-acm-alb-pbmy-szr,evolve-prod,us-east-1,"i-0e569b61748adee62, i-0d78158511572ab31, i-09b20695ab735c63d"
prod-solr-alb-nqev-brw,evolve-prod,us-east-1,"i-0884355d9b95d27e0, i-0c493639f5f6a1f0e"
prod-utils-alb-wlgj-zwj,evolve-prod,us-east-1,i-0ab3514669358e96b
prod-webapps-alb-xbry-oza,evolve-prod,us-east-1,"i-08a6ec8d1cb5cc6df, i-0b3efcdc23e61f72c, i-0da6ec9c3e0af7e4e"
dev-acm-alb-izhk-gcb,evolve-prod,us-east-1,"i-0a81051d4f14f0210, i-0d9104929f6bf4557"
dev-solr-alb-vhie-vag,evolve-prod,us-east-1,"i-01f486a72e8d5e6eb, i-04e0c3a0179f8f46f"
dev-utils-alb-zmaq-ilf,evolve-prod,us-east-1,i-0c5f2d9d9f7affa87
dev-webapps-alb-emov-qzb,evolve-prod,us-east-1,"i-0e028dc34128ce3ce, i-026994ee0e6cd2efd"
cert-acm-alb-mpvt-fmj,evolve-prod,us-east-1,"i-063fcf1d842005412, i-03faac676388fcdde"
cert-solr-alb-lqlj-mkp,evolve-prod,us-east-1,"i-02872be43f63d7199, i-03173991613e645de"
cert-utils-alb-efxb-khp,evolve-prod,us-east-1,i-0623fd7081076673e
cert-webapps-alb-vcbq-vhl,evolve-prod,us-east-1,"i-0479d06cf3ad7e9a6, i-0f50eaa2293d3cf2c"
jetty9dev-solr-alb-flft-ezw,evolve-prod,us-east-1,"i-086d710dfdc205432, i-0e34d656302e4ce57"
jetty9dev-utils-alb-xzfx-lhx,evolve-prod,us-east-1,i-04694bed6f8f9062f
jetty9dev-utils-alb-xzfx-lhx,evolve-prod,us-east-1,i-04694bed6f8f9062f
jetty9dev-webapps-alb-krla-beq,evolve-prod,us-east-1,"i-05c8a874299d0e84a, i-00be2e8fb12397d37, i-086e1b7319a75eff5"
jetty9cert-utils-alb-rkfa-qys,evolve-prod,us-east-1,i-0028df1310cbaa7f6
jetty9cert-utils-alb-rkfa-qys,evolve-prod,us-east-1,i-0028df1310cbaa7f6
jetty9cert-webapps-alb-shmy-lpy,evolve-prod,us-east-1,"i-0051a829a5b85b957, i-0c0f297415de410a4"
jetty9cert-solr-alb-hpbo-yko,evolve-prod,us-east-1,"i-03dd0d830e726cb29, i-083170eb448aff8c5"
dev-lbTrafficSplitter,evolve-prod,us-east-1,"i-0e028dc34128ce3ce, i-026994ee0e6cd2efd"
dev-lbTrafficSplitter,evolve-prod,us-east-1,"i-05c8a874299d0e84a, i-086e1b7319a75eff5, i-00be2e8fb12397d37"
cert-lbTrafficSplitter,evolve-prod,us-east-1,"i-0479d06cf3ad7e9a6, i-0f50eaa2293d3cf2c"
cert-lbTrafficSplitter,evolve-prod,us-east-1,"i-0051a829a5b85b957, i-0c0f297415de410a4"
jetty9stage-webapps-alb-kbzt-yvk,evolve-prod,us-east-1,"i-00f94259f50594ad5, i-017eb9dcb011d4c8e"
jetty9stage-solr-alb-tutw-lky,evolve-prod,us-east-1,"i-08d757f8b07ba473f, i-0f28c57964e32b8ac"
jetty9stage-utils-alb-iqbo-wms,evolve-prod,us-east-1,i-08b0d5c17412f4258
jetty9stage-utils-alb-iqbo-wms,evolve-prod,us-east-1,i-08b0d5c17412f4258
stage-lbTrafficSplitter,evolve-prod,us-east-1,"i-0df0c4c7a7722ee29, i-0fd2a059f8250a75a"
stage-lbTrafficSplitter,evolve-prod,us-east-1,"i-00f94259f50594ad5, i-017eb9dcb011d4c8e"
jetty9prod-webapps-alb-hlwf-uki,evolve-prod,us-east-1,"i-0671a03599d6fb5ad, i-0786cbe9617bc4479"
jetty9prod-utils-alb-bbxq-zck,evolve-prod,us-east-1,i-02852c3ecc8a2bd34
jetty9prod-utils-alb-bbxq-zck,evolve-prod,us-east-1,i-02852c3ecc8a2bd34
jetty9prod-solr-alb-kmro-laq,evolve-prod,us-east-1,"i-0d95b06ae4c440c1b, i-05ff75f1e4741a47d"
prod-lbTrafficSplitter,evolve-prod,us-east-1,"i-08a6ec8d1cb5cc6df, i-0b3efcdc23e61f72c, i-0da6ec9c3e0af7e4e"
prod-lbTrafficSplitter,evolve-prod,us-east-1,"i-0671a03599d6fb5ad, i-0786cbe9617bc4479"
awseb--AWSEB-MmdI3vV0CH7u,contenthub-prod,us-east-1,"i-0051a68f4a53929ee, i-059e4b81fc352b564, i-088ce99a26edd0ffa"
tf-lb-20200717045146065800000001,contenthub-prod,us-east-2,i-0273f8739fc670984
EOLS-PGANALYZE,eols-prod,us-east-1,i-0434025740c951dda
matillion-prod,eols-prod,us-east-1,i-05738acb47a3ac452
frost-dev-api-alb,authoring-nonprod,us-east-2,i-070dc55ce893162c9
frost-dev-oauth-alb,authoring-nonprod,us-east-2,i-0d75352647e7864ee
frost-cert-oauth-alb,authoring-nonprod,us-east-2,i-0c832570f0618800a
frost-cert-api-alb,authoring-nonprod,us-east-2,i-01416e01e39ffb02e
frost-stage-api-alb,authoring-nonprod,us-east-2,i-04b874448066781f5
frost-stage-oauth-alb,authoring-nonprod,us-east-2,i-01a783dd680b23e3b
frost-prod-api-alb,authoring-prod,us-east-2,i-0ce9d76eea94ba654
frost-prod-oauth-alb,authoring-prod,us-east-2,i-008fd7dec65ac52aa
jenkins-db-r1-privatelink-nlb,hesi-prod,us-east-1,i-022b668b79e4583f2
jenkins-db-mdwh-privatelink-nlb,hesi-prod,us-east-1,i-083b6410873b1c34f
jenkins-db-dr2-privatelink-nlb,hesi-prod,us-east-1,i-0e93557ad6a3d1e1b
jenkins-db-c2-privatelink-nlb,hesi-prod,us-east-1,i-0270f6c418b2fb771
jenkins-db-c1-privatelink-nlb,hesi-prod,us-east-1,i-0744c8dd66bd82edc
jenkins-db-ct1-privatelink-nlb,hesi-prod,us-east-1,i-0a3396ffbbcfb1644
jenkins-db-dr1-privatelink-nlb,hesi-prod,us-east-1,i-0da8be803b3b53fb9
jenkins-db-r2-privatelink-nlb,hesi-prod,us-east-1,i-0112fd7158ba758a7
kube-ing-LB-DBDK1X61UJLR,shadowhealth-nonprod,us-east-2,"i-0a960a3fea20c4e16, i-0cf882f56e5b25631, i-0b865f475d9d0d153, i-000dbd0cadcf5c989, i-0b027e53bf25f3491, i-075c2e6965fddd6eb, i-088822732aee550bb, i-08a83daadd876dd21, i-0f9e48d98985fc5c4, i-0dde1de256854b4a2, i-09e892ca15158a7e1, i-00abd679d09838aa0, i-029efdb7d5e076544, i-0b77daefde1693f89, i-02d31751896dbf15b, i-087256191637556ac, i-00080f981f27f07bf, i-001f1a09e9e599410, i-06059386aed79eba5, i-047e1dcd1d74373bf, i-0f2fde76362532ce2, i-09c0737ae912f3f07, i-03c84983edb58c1b4, i-09e7cd7451b6d96cb, i-01e8f54518d5a3514, i-0b4a48be9c11fb211, i-00192187250144e0f, i-0519d4dd82917b2aa, i-0cc031e84eff23634, i-0b7d41f60d75ab205, i-0d57f1ed5f190c780, i-05c81afea68c24c17, i-0cb5e88cea8bd8e57, i-0ff58c6647e210153, i-081cbca2296be3620, i-012269033bf6cc833, i-06f5379ebf91fd9fa, i-01c28932ef966afd0, i-08eac6a34f371bc21, i-023b9647a411797b9, i-03f069631c1449bb7, i-0ce9399423f5acace, i-046bfdc251061e3ac, i-0364a5fa8ea340930, i-0d0cd9ca412440ba4, i-02c025c36477c821f, i-0c08230605a8f38a4, i-0ff20c77a6d97ad9a, i-067ca3dd12bdfc85a, i-05a39a71a43216e58, i-00432aa3af86b01d5"
kube-ing-LB-NU7GHJOLNZHA,shadowhealth-nonprod,us-east-2,"i-0a960a3fea20c4e16, i-0cf882f56e5b25631, i-000dbd0cadcf5c989, i-0b865f475d9d0d153, i-0b027e53bf25f3491, i-075c2e6965fddd6eb, i-088822732aee550bb, i-08a83daadd876dd21, i-0f9e48d98985fc5c4, i-0dde1de256854b4a2, i-00abd679d09838aa0, i-09e892ca15158a7e1, i-0b77daefde1693f89, i-029efdb7d5e076544, i-02d31751896dbf15b, i-087256191637556ac, i-00080f981f27f07bf, i-001f1a09e9e599410, i-06059386aed79eba5, i-047e1dcd1d74373bf, i-0f2fde76362532ce2, i-09c0737ae912f3f07, i-03c84983edb58c1b4, i-09e7cd7451b6d96cb, i-01e8f54518d5a3514, i-00192187250144e0f, i-0b4a48be9c11fb211, i-0519d4dd82917b2aa, i-0cc031e84eff23634, i-0b7d41f60d75ab205, i-0d57f1ed5f190c780, i-0cb5e88cea8bd8e57, i-05c81afea68c24c17, i-0ff58c6647e210153, i-081cbca2296be3620, i-012269033bf6cc833, i-06f5379ebf91fd9fa, i-01c28932ef966afd0, i-08eac6a34f371bc21, i-023b9647a411797b9, i-03f069631c1449bb7, i-0ce9399423f5acace, i-046bfdc251061e3ac, i-0364a5fa8ea340930, i-0d0cd9ca412440ba4, i-02c025c36477c821f, i-0c08230605a8f38a4, i-0ff20c77a6d97ad9a, i-067ca3dd12bdfc85a, i-05a39a71a43216e58, i-00432aa3af86b01d5"
kube-ing-LB-GZ7KXR98GWKG,shadowhealth-nonprod,us-east-2,"i-0a960a3fea20c4e16, i-0cf882f56e5b25631, i-0b865f475d9d0d153, i-000dbd0cadcf5c989, i-0b027e53bf25f3491, i-088822732aee550bb, i-075c2e6965fddd6eb, i-08a83daadd876dd21, i-0f9e48d98985fc5c4, i-0dde1de256854b4a2, i-09e892ca15158a7e1, i-00abd679d09838aa0, i-029efdb7d5e076544, i-0b77daefde1693f89, i-02d31751896dbf15b, i-087256191637556ac, i-00080f981f27f07bf, i-001f1a09e9e599410, i-06059386aed79eba5, i-047e1dcd1d74373bf, i-0f2fde76362532ce2, i-09c0737ae912f3f07, i-03c84983edb58c1b4, i-09e7cd7451b6d96cb, i-01e8f54518d5a3514, i-00192187250144e0f, i-0b4a48be9c11fb211, i-0519d4dd82917b2aa, i-0cc031e84eff23634, i-0b7d41f60d75ab205, i-0d57f1ed5f190c780, i-0cb5e88cea8bd8e57, i-05c81afea68c24c17, i-0ff58c6647e210153, i-012269033bf6cc833, i-081cbca2296be3620, i-06f5379ebf91fd9fa, i-01c28932ef966afd0, i-023b9647a411797b9, i-08eac6a34f371bc21, i-03f069631c1449bb7, i-0ce9399423f5acace, i-046bfdc251061e3ac, i-0364a5fa8ea340930, i-0d0cd9ca412440ba4, i-02c025c36477c821f, i-0c08230605a8f38a4, i-067ca3dd12bdfc85a, i-0ff20c77a6d97ad9a, i-05a39a71a43216e58, i-00432aa3af86b01d5"
kube-ing-LB-YD5GZETNKXO6,shadowhealth-prod,us-east-2,"i-08c4118fdea68830f, i-02f18e87d6fa2e4b9, i-09a8c4366a7365737"
SimOffice-Jenkins-ELB,simoffice-original,us-east-1,i-0fb610b38660c1c4a
SimOffice-DEV-ELB-2016,simoffice-original,us-east-1,i-0659b9554aa4afffa
SimChart-DEV-ELB-2016,simoffice-original,us-east-1,i-050ed93d63460b20a
SimOffice-INT-ELB-2016,simoffice-original,us-east-1,i-056e9561551f7a236
SimChart-INT-2016,simoffice-original,us-east-1,"i-04355dd8b67dd88e6, i-0bd4c886c9866a332"
SimOffice-CERT-ELB-2016,simoffice-original,us-east-1,"i-0105099dab993b61e, i-00b2fbe7baf26f90d"
SimChart-CERT-ELB-2016,simoffice-original,us-east-1,"i-07950d493c8356c53, i-0962aa2a84dc423b7"
SimOffice-PROD-ELB-2016,simoffice-original,us-east-1,"i-0fb3ba6f2d19e2c68, i-086b1d40cab5402bb, i-00346125c10260d56"
SimChart-PROD-ELB-2016,simoffice-original,us-east-1,"i-025fa50af53025b28, i-09ffdf49d0a5d766f, i-0557e4f3f39232f98, i-07b3ef7aee553e04f, i-078b016cdfade7980"
Simulations-Jenkins-2016,simoffice-original,us-east-1,i-0fb610b38660c1c4a
jenkins-infrablock-alb-gsfa-txc,simoffice-original,us-east-1,i-08ebc4f2661fa8f26
